[
    {
        "pk": 1,
        "model": "auth.user",
        "fields": {
            "username": "jnyman",
            "first_name": "Jns",
            "last_name": "N",
            "is_active": true,
            "is_superuser": true,
            "is_staff": true,
            "last_login": "2013-04-07T14:37:20.153Z",
            "groups": [],
            "user_permissions": [],
            "password": "pbkdf2_sha256$10000$Ze3Zb4pRx1k3$lD4CksPyzQO68dSOk+3wcPiKE1yMCf0aK1MTTqIpAdo=",
            "email": "test@gmail.com",
            "date_joined": "2011-08-05T19:42:36Z"
        }
    },
    {
        "pk": 2,
        "model": "auth.user",
        "fields": {
            "username": "317070",
            "first_name": "Joownas",
            "last_name": "D.",
            "is_active": true,
            "is_superuser": true,
            "is_staff": true,
            "last_login": "2011-08-28T08:25:17Z",
            "groups": [],
            "user_permissions": [],
            "password": "sha1$46949$88d4863560db97d0ea0bcff6f1170ffd61b01856",
            "email": "jonas@pirateparty.be",
            "date_joined": "2011-08-28T08:25:17Z"
        }
    },
    {
        "pk": 3,
        "model": "auth.user",
        "fields": {
            "username": "sandbender",
            "first_name": "Sand",
            "last_name": "Bender",
            "is_active": true,
            "is_superuser": true,
            "is_staff": true,
            "last_login": "2011-08-28T08:26:08Z",
            "groups": [],
            "user_permissions": [],
            "password": "pbkdf2_sha256$10000$y5xsKf2cFmCG$bfGBmJ+4pSBJrJaYpdWe7TG5MPreIfpr2lVIzvCY9tM=",
            "email": "sandb.bender@gmail.com",
            "date_joined": "2011-08-28T08:26:08Z"
        }
    },
    {
        "pk": 1,
        "model": "sites.site",
        "fields": {
            "domain": "getopinionated.be",
            "name": "getopinionated.be"
        }
    },
    {
        "pk": 1,
        "model": "accounts.customuser",
        "fields": {
            "groups": [],
            "user_permissions": [],
            "slug": "jnyman",
            "avatar": "",
            "karma": 30
        }
    },
    {
        "pk": 2,
        "model": "accounts.customuser",
        "fields": {
            "groups": [],
            "user_permissions": [],
            "slug": "317070",
            "avatar": "",
            "karma": 50000
        }
    },
    {
        "pk": 3,
        "model": "accounts.customuser",
        "fields": {
            "groups": [],
            "user_permissions": [],
            "slug": "sandbender",
            "avatar": "",
            "karma": 9970
        }
    },
    {
        "pk": 1,
        "model": "proposing.votablepost",
        "fields": {
            "create_date": "2013-01-28T19:30:03.008Z",
            "creator": 2
        }
    },
    {
        "pk": 2,
        "model": "proposing.votablepost",
        "fields": {
            "create_date": "2013-01-28T19:30:03.013Z",
            "creator": 1
        }
    },
    {
        "pk": 3,
        "model": "proposing.votablepost",
        "fields": {
            "create_date": "2013-03-24T17:11:13.473Z",
            "creator": null
        }
    },
    {
        "pk": 4,
        "model": "proposing.votablepost",
        "fields": {
            "create_date": "2013-03-24T17:11:56.451Z",
            "creator": null
        }
    },
    {
        "pk": 5,
        "model": "proposing.votablepost",
        "fields": {
            "create_date": "2013-04-07T14:34:58.701Z",
            "creator": null
        }
    },
    {
        "pk": 1,
        "model": "proposing.updownvote",
        "fields": {
            "date": "2013-04-07T14:31:55.458Z",
            "post": 3,
            "user": 1,
            "is_up": true
        }
    },
    {
        "pk": 2,
        "model": "proposing.updownvote",
        "fields": {
            "date": "2013-04-07T14:31:55.516Z",
            "post": 3,
            "user": 1,
            "is_up": true
        }
    },
    {
        "pk": 3,
        "model": "proposing.updownvote",
        "fields": {
            "date": "2013-04-07T14:31:55.526Z",
            "post": 3,
            "user": 1,
            "is_up": true
        }
    },
    {
        "pk": 4,
        "model": "proposing.updownvote",
        "fields": {
            "date": "2013-04-07T14:31:55.536Z",
            "post": 3,
            "user": 1,
            "is_up": true
        }
    },
    {
        "pk": 5,
        "model": "proposing.updownvote",
        "fields": {
            "date": "2013-04-07T14:31:55.546Z",
            "post": 3,
            "user": 1,
            "is_up": true
        }
    },
    {
        "pk": 6,
        "model": "proposing.updownvote",
        "fields": {
            "date": "2013-04-07T14:31:55.556Z",
            "post": 3,
            "user": 1,
            "is_up": true
        }
    },
    {
        "pk": 7,
        "model": "proposing.updownvote",
        "fields": {
            "date": "2013-04-07T14:31:55.567Z",
            "post": 3,
            "user": 1,
            "is_up": true
        }
    },
    {
        "pk": 8,
        "model": "proposing.updownvote",
        "fields": {
            "date": "2013-04-07T14:31:55.579Z",
            "post": 3,
            "user": 1,
            "is_up": true
        }
    },
    {
        "pk": 9,
        "model": "proposing.updownvote",
        "fields": {
            "date": "2013-04-07T14:31:55.590Z",
            "post": 3,
            "user": 1,
            "is_up": true
        }
    },
    {
        "pk": 10,
        "model": "proposing.updownvote",
        "fields": {
            "date": "2013-04-07T14:31:55.602Z",
            "post": 3,
            "user": 1,
            "is_up": true
        }
    },
    {
        "pk": 11,
        "model": "proposing.updownvote",
        "fields": {
            "date": "2013-04-07T14:31:55.615Z",
            "post": 3,
            "user": 1,
            "is_up": true
        }
    },
    {
        "pk": 12,
        "model": "proposing.updownvote",
        "fields": {
            "date": "2013-04-07T14:31:55.626Z",
            "post": 3,
            "user": 1,
            "is_up": true
        }
    },
    {
        "pk": 13,
        "model": "proposing.updownvote",
        "fields": {
            "date": "2013-04-07T14:31:55.639Z",
            "post": 3,
            "user": 1,
            "is_up": true
        }
    },
    {
        "pk": 14,
        "model": "proposing.updownvote",
        "fields": {
            "date": "2013-04-07T14:31:55.652Z",
            "post": 3,
            "user": 1,
            "is_up": true
        }
    },
    {
        "pk": 15,
        "model": "proposing.updownvote",
        "fields": {
            "date": "2013-04-07T14:31:55.666Z",
            "post": 3,
            "user": 1,
            "is_up": true
        }
    },
    {
        "pk": 16,
        "model": "proposing.updownvote",
        "fields": {
            "date": "2013-04-07T14:36:54.216Z",
            "post": 5,
            "user": 1,
            "is_up": true
        }
    },
    {
        "pk": 17,
        "model": "proposing.updownvote",
        "fields": {
            "date": "2013-04-07T14:36:54.239Z",
            "post": 5,
            "user": 1,
            "is_up": true
        }
    },
    {
        "pk": 18,
        "model": "proposing.updownvote",
        "fields": {
            "date": "2013-04-07T14:36:54.251Z",
            "post": 5,
            "user": 1,
            "is_up": true
        }
    },
    {
        "pk": 19,
        "model": "proposing.updownvote",
        "fields": {
            "date": "2013-04-07T14:36:54.260Z",
            "post": 5,
            "user": 1,
            "is_up": true
        }
    },
    {
        "pk": 20,
        "model": "proposing.updownvote",
        "fields": {
            "date": "2013-04-07T14:36:54.275Z",
            "post": 5,
            "user": 1,
            "is_up": true
        }
    },
    {
        "pk": 21,
        "model": "proposing.updownvote",
        "fields": {
            "date": "2013-04-07T14:36:54.284Z",
            "post": 5,
            "user": 1,
            "is_up": true
        }
    },
    {
        "pk": 22,
        "model": "proposing.updownvote",
        "fields": {
            "date": "2013-04-07T14:36:54.292Z",
            "post": 5,
            "user": 1,
            "is_up": true
        }
    },
    {
        "pk": 23,
        "model": "proposing.updownvote",
        "fields": {
            "date": "2013-04-07T14:36:54.303Z",
            "post": 5,
            "user": 1,
            "is_up": true
        }
    },
    {
        "pk": 24,
        "model": "proposing.updownvote",
        "fields": {
            "date": "2013-04-07T14:36:54.316Z",
            "post": 5,
            "user": 1,
            "is_up": true
        }
    },
    {
        "pk": 25,
        "model": "proposing.updownvote",
        "fields": {
            "date": "2013-04-07T14:36:54.330Z",
            "post": 5,
            "user": 1,
            "is_up": true
        }
    },
    {
        "pk": 26,
        "model": "proposing.updownvote",
        "fields": {
            "date": "2013-04-07T14:36:54.342Z",
            "post": 5,
            "user": 1,
            "is_up": true
        }
    },
    {
        "pk": 27,
        "model": "proposing.updownvote",
        "fields": {
            "date": "2013-04-07T14:36:54.354Z",
            "post": 5,
            "user": 1,
            "is_up": true
        }
    },
    {
        "pk": 28,
        "model": "proposing.updownvote",
        "fields": {
            "date": "2013-04-07T14:36:54.367Z",
            "post": 5,
            "user": 1,
            "is_up": true
        }
    },
    {
        "pk": 29,
        "model": "proposing.updownvote",
        "fields": {
            "date": "2013-04-07T14:36:54.379Z",
            "post": 5,
            "user": 1,
            "is_up": true
        }
    },
    {
        "pk": 30,
        "model": "proposing.updownvote",
        "fields": {
            "date": "2013-04-07T14:36:54.391Z",
            "post": 5,
            "user": 1,
            "is_up": true
        }
    },
    {
        "pk": 1,
        "model": "proposing.tag",
        "fields": {
            "name": "Democracy",
            "slug": "democracy"
        }
    },
    {
        "pk": 2,
        "model": "proposing.tag",
        "fields": {
            "name": "Copyright",
            "slug": "copyright"
        }
    },
    {
        "pk": 3,
        "model": "proposing.tag",
        "fields": {
            "name": "Privacy",
            "slug": "privacy"
        }
    },
    {
        "pk": 4,
        "model": "proposing.tag",
        "fields": {
            "name": "Transparency",
            "slug": "transparency"
        }
    },
    {
        "pk": 5,
        "model": "proposing.tag",
        "fields": {
            "name": "Environment",
            "slug": "environment"
        }
    },
    {
        "pk": 6,
        "model": "proposing.tag",
        "fields": {
            "name": "Finance",
            "slug": "finance"
        }
    },
    {
        "pk": 7,
        "model": "proposing.tag",
        "fields": {
            "name": "Economics",
            "slug": "economics"
        }
    },
    {
        "pk": 1,
        "model": "proposing.proposaltype",
        "fields": {
            "daysUntilVotingStarts": 0,
            "daysUntilVotingFinishes": 3,
            "name": "Spelling correction",
            "minimalUpvotes": 3
        }
    },
    {
        "pk": 2,
        "model": "proposing.proposaltype",
        "fields": {
            "daysUntilVotingStarts": 7,
            "daysUntilVotingFinishes": 7,
            "name": "Default",
            "minimalUpvotes": 3
        }
    },
    {
        "pk": 1,
        "model": "proposing.proposal",
        "fields": {
            "motivation": "Lorem ipsum dolor sit amet, consectetur adipisicing elit, sed do eiusmod tempor incididunt ut labore et dolore magna aliqua. Ut enim ad minim veniam, quis nostrud exercitation ullamco laboris nisi ut aliquip ex ea commodo consequat. Duis aute irure dolor in reprehenderit in voluptate velit esse cillum dolore eu fugiat nulla pariatur.\r\n\r\nExcepteur sint occaecat cupidatat non proident, sunt in culpa qui officia deserunt mollit anim id est laborum.",
            "views": 2,
            "title": "Copyright should be abolished",
            "proposal_type": 2,
            "voting_date": null,
            "tags": [
                1,
                2
            ],
            "diff": 1,
            "slug": "copyright-should-be-abolished",
            "voting_stage": "DISCUSSION"
        }
    },
    {
        "pk": 3,
        "model": "proposing.proposal",
        "fields": {
            "motivation": "The environment subject was missing.",
            "views": 9,
            "title": "Protect the environment",
            "proposal_type": 2,
            "voting_date": "2013-03-29T15:32:05Z",
            "tags": [
                5
            ],
            "diff": 2,
            "slug": "protect-the-environment",
            "voting_stage": "FINISHED"
        }
    },
    {
        "pk": 5,
        "model": "proposing.proposal",
        "fields": {
            "motivation": "Lorem ipsum dolor sit amet, consectetuer adipiscing elit. Nam cursus. Morbi ut mi. Nullam enim leo, egestas id, condimentum at, laoreet mattis, massa. Sed eleifend nonummy diam. Praesent mauris ante, elementum et, bibendum at, posuere sit amet, nibh. Duis tincidunt lectus quis dui viverra vestibulum. Suspendisse vulputate aliquam dui. Nulla elementum dui ut augue. Aliquam vehicula mi at mauris. Maecenas placerat, nisl at consequat rhoncus, sem nunc gravida justo, quis eleifend arcu velit quis lacus. Morbi magna magna, tincidunt a, mattis non, imperdiet vitae, tellus. Sed odio est, auctor ac, sollicitudin in, consequat vitae, orci. Fusce id felis. Vivamus sollicitudin metus eget eros.\r\n\r\nPellentesque habitant morbi tristique senectus et netus et malesuada fames ac turpis egestas. In posuere felis nec tortor. Pellentesque faucibus. Ut accumsan ultricies elit. Maecenas at justo id velit placerat molestie. Donec dictum lectus non odio. Cras a ante vitae enim iaculis aliquam. Mauris nunc quam, venenatis nec, euismod sit amet, egestas placerat, est. Pellentesque habitant morbi tristique senectus et netus et malesuada fames ac turpis egestas. Cras id elit. Integer quis urna. Ut ante enim, dapibus malesuada, fringilla eu, condimentum quis, tellus. Aenean porttitor eros vel dolor. Donec convallis pede venenatis nibh. Duis quam. Nam eget lacus. Aliquam erat volutpat. Quisque dignissim congue leo.",
            "views": 1,
            "title": "Stop tax avoidance",
            "proposal_type": 2,
            "voting_date": null,
            "tags": [
                6
            ],
            "diff": 3,
            "slug": "stop-tax-avoidance",
            "voting_stage": "DISCUSSION"
        }
    },
    {
        "pk": 2,
        "model": "proposing.comment",
        "fields": {
            "color": "NEUTR",
            "proposal": 1,
            "motivation": "Lorem ipsum dolor sit amet, consectetur adipisicing elit, sed do eiusmod tempor incididunt ut labore et dolore magna aliqua. Ut enim ad minim veniam, quis nostrud exercitation ullamco laboris nisi ut aliquip ex ea commodo consequat. Duis aute irure dolor in reprehenderit in voluptate velit esse cillum dolore eu fugiat nulla pariatur.\r\nExcepteur sint occaecat cupidatat non proident, sunt in culpa qui officia deserunt mollit anim id est laborum. Excepteur sint occaecat cupidatat non proident, sunt in culpa qui officia deserunt mollit anim id est laborum."
        }
    },
    {
        "pk": 4,
        "model": "proposing.comment",
        "fields": {
            "color": "NEG",
            "proposal": 3,
            "motivation": "Environment is not important. We should just leave this problem to the next generation."
        }
    },
    {
        "pk": 2,
        "model": "proposing.proposalvote",
        "fields": {
            "date": "2013-04-07T14:37:00.568Z",
            "proposal": 3,
            "user": 1,
            "value": 5
        }
    },
    {
        "pk": 3,
        "model": "proposing.proposalvote",
        "fields": {
            "date": "2013-04-07T14:37:00.578Z",
            "proposal": 3,
            "user": 1,
            "value": 5
        }
    },
    {
        "pk": 4,
        "model": "proposing.proposalvote",
        "fields": {
            "date": "2013-04-07T14:37:00.589Z",
            "proposal": 3,
            "user": 1,
            "value": 5
        }
    },
    {
        "pk": 5,
        "model": "proposing.proposalvote",
        "fields": {
            "date": "2013-04-07T14:37:00.600Z",
            "proposal": 3,
            "user": 1,
            "value": 5
        }
    },
    {
        "pk": 6,
        "model": "proposing.proposalvote",
        "fields": {
            "date": "2013-04-07T14:37:00.613Z",
            "proposal": 3,
            "user": 1,
            "value": 5
        }
    },
    {
        "pk": 7,
        "model": "proposing.proposalvote",
        "fields": {
            "date": "2013-04-07T14:37:00.624Z",
            "proposal": 3,
            "user": 1,
            "value": 5
        }
    },
    {
        "pk": 8,
        "model": "proposing.proposalvote",
        "fields": {
            "date": "2013-04-07T14:37:00.634Z",
            "proposal": 3,
            "user": 1,
            "value": 5
        }
    },
    {
        "pk": 9,
        "model": "proposing.proposalvote",
        "fields": {
            "date": "2013-04-07T14:37:00.642Z",
            "proposal": 3,
            "user": 1,
            "value": 5
        }
    },
    {
        "pk": 10,
        "model": "proposing.proposalvote",
        "fields": {
            "date": "2013-04-07T14:37:00.652Z",
            "proposal": 3,
            "user": 1,
            "value": 5
        }
    },
    {
        "pk": 11,
        "model": "proposing.proposalvote",
        "fields": {
            "date": "2013-04-07T14:37:00.660Z",
            "proposal": 3,
            "user": 1,
            "value": 5
        }
    },
    {
        "pk": 12,
        "model": "proposing.proposalvote",
        "fields": {
            "date": "2013-04-07T14:37:00.670Z",
            "proposal": 3,
            "user": 1,
            "value": 5
        }
    },
    {
        "pk": 13,
        "model": "proposing.proposalvote",
        "fields": {
            "date": "2013-04-07T14:37:00.682Z",
            "proposal": 3,
            "user": 1,
            "value": 5
        }
    },
    {
        "pk": 14,
        "model": "proposing.proposalvote",
        "fields": {
            "date": "2013-04-07T14:37:00.693Z",
            "proposal": 3,
            "user": 1,
            "value": 5
        }
    },
    {
        "pk": 15,
        "model": "proposing.proposalvote",
        "fields": {
            "date": "2013-04-07T14:37:00.706Z",
            "proposal": 3,
            "user": 1,
            "value": 5
        }
    },
    {
        "pk": 1,
        "model": "document.fulldocument",
        "fields": {
            "content": "Despite all superficial promises to protect our rights, the digital revolution of all areas of our lives poses unparalleled threats to human dignity and freedom. The speed at which this is happening exceeds the speed at which public opinion, laws and individuals are able to react. At the same time, the opportunities of shaping this process through the democratic framework of individual states are vanishing.<br /><br />The globalization of knowledge and human culture through digitalization and networking challenges all aspects of our traditional legal, economic and social systems. The wrong responses to this challenge make up just one of the reasons which promote the emergence of a complete totalitarian global police state. The fear of international terrorism makes security seem more important than freedom and mutes many of those who might otherwise defend freedom.<br /><br />Informational self-determination, free access to knowledge and culture, and privacy protection are the pillars of the information society of the future. Only on this basis can a democratic global order emerge that guarantees social justice and self-determination. First and foremost, the Pirate Party sees itself as part of a global political movement that wants to shape this order to the benefit of all.<br /><br />The Pirate Party wants to concentrate on the topics mentioned in the party platform, since we see this as the only way to assert these important demands in the future. At the same time, we believe that these issues should have the support of citizens from all parts of the traditional political spectrum. Choosing sides in this spectrum would obstruct our shared struggle for privacy protection and free knowledge and culture.",
            "version": 0,
            "create_date": "2013-01-28T19:30:03.008Z",
            "slug": "the-pirate-codex",
            "title": "The Pirate Codex"
        }
    },
    {
        "pk": 2,
        "model": "document.fulldocument",
        "fields": {
            "content": "Despite all superficial promises to protect our rights, the digital revolution of all areas of our lives poses unparalleled threats to human dignity and freedom. The speed at which this is happening exceeds the speed at which public opinion, laws and individuals are able to react. At the same time, the opportunities of shaping this process through the democratic framework of individual states are vanishing.<br /><br />The globalization of knowledge and human culture through digitalization and networking challenges all aspects of our traditional legal, economic and social systems. The wrong responses to this challenge make up just one of the reasons which promote the emergence of a complete totalitarian global police state. The fear of international terrorism makes security seem more important than freedom and mutes many of those who might otherwise defend freedom.<br /><br />The main focus of every political movement should be to protect the environment.<br /><br />Informational self-determination, free access to knowledge and culture, and privacy protection are the pillars of the information society of the future. Only on this basis can a democratic global order emerge that guarantees social justice and self-determination. First and foremost, the Pirate Party sees itself as part of a global political movement that wants to shape this order to the benefit of all.<br /><br />The Pirate Party wants to concentrate on the topics mentioned in the party platform, since we see this as the only way to assert these important demands in the future. At the same time, we believe that these issues should have the support of citizens from all parts of the traditional political spectrum. Choosing sides in this spectrum would obstruct our shared struggle for privacy protection and free knowledge and culture.\n",
            "version": 1,
            "create_date": "2013-04-07T14:39:05.419Z",
            "slug": "the-pirate-codex",
            "title": "The Pirate Codex"
        }
    },
    {
        "pk": 1,
        "model": "document.diff",
        "fields": {
            "fulldocument": 1,
            "text_representation": "+ cookie\n+ cookie\n  R\n+ cookie\n+ cookie"
        }
    },
    {
        "pk": 2,
        "model": "document.diff",
        "fields": {
            "fulldocument": 1,
            "text_representation": "- Despite all superficial promises to protect our rights, the digital revolution of all areas of our lives poses unparalleled threats to human dignity and freedom. The speed at which this is happening exceeds the speed at which public opinion, laws and individuals are able to react. At the same time, the opportunities of shaping this process through the democratic framework of individual states are vanishing.<br /><br />The globalization of knowledge and human culture through digitalization and networking challenges all aspects of our traditional legal, economic and social systems. The wrong responses to this challenge make up just one of the reasons which promote the emergence of a complete totalitarian global police state. The fear of international terrorism makes security seem more important than freedom and mutes many of those who might otherwise defend freedom.<br /><br />Informational self-determination, free access to knowledge and culture, and privacy protection are the pillars of the information society of the future. Only on this basis can a democratic global order emerge that guarantees social justice and self-determination. First and foremost, the Pirate Party sees itself as part of a global political movement that wants to shape this order to the benefit of all.<br /><br />The Pirate Party wants to concentrate on the topics mentioned in the party platform, since we see this as the only way to assert these important demands in the future. At the same time, we believe that these issues should have the support of citizens from all parts of the traditional political spectrum. Choosing sides in this spectrum would obstruct our shared struggle for privacy protection and free knowledge and culture.\n?                                                                                                                                                                                                                                                                                                                                                                                                                                                                                                                                                                                                                                                                                                                                                                                                                                                                                                                         ^^^^^^^^^^^^^^^^^^^^^^^^^^^^^^^^^^^^^^^^^^^^^^^^^^^^^^^^^^^^^^^^^^^^^^^^^^^^^^^ ^^   ^^^^^^^^^^^^^^^^^^^^^^^^^^^^^^^^^^^^^^^^^^^^^^^^^^^^^^^^^^^^^^^^^^^^^^^^^^^^^^^^  ^^^^^^^^^^^^^^^^^^^^^^^^^^^^^^^^^^^^^^^^^^^^^^^^^^^^^^^^^^^^^^^^^^^^^^^^^^^^^^^^^^^^^^^^^^^^^^^^^^^^^^^^^^^^^^^^^^^^^^^^^^^^^^^^^^^^^^^^^^^^^^^^^^^^^^^^^^^^^^^^^^^^^^^^^^^^^^^^^^ ^^^^^^^^^^^^^^^^^^^^^^^^^^^^^^^^^^^^^^^^^^^^^^^^^^^^^^^^^^\n+ Despite all superficial promises to protect our rights, the digital revolution of all areas of our lives poses unparalleled threats to human dignity and freedom. The speed at which this is happening exceeds the speed at which public opinion, laws and individuals are able to react. At the same time, the opportunities of shaping this process through the democratic framework of individual states are vanishing.<br /><br />The globalization of knowledge and human culture through digitalization and networking challenges all aspects of our traditional legal, economic and social systems. The wrong responses to this challenge make up just one of the reasons which promote the emergence of a complete totalitarian global police state. The fear of international terrorism makes security seem more important than freedom and mutes many of those who might otherwise defend freedom.<br /><br />The main focus of every political movement should be to protect the environment.<br /><br />Informational self-determination, free access to knowledge and culture, and privacy protection are the pillars of the information society of the future. Only on this basis can a democratic global order emerge that guarantees social justice and self-determination. First and foremost, the Pirate Party sees itself as part of a global political movement that wants to shape this order to the benefit of all.<br /><br />The Pirate Party wants to concentrate on the topics mentioned in the party platform, since we see this as the only way to assert these important demands in the future. At the same time, we believe that these issues should have the support of citizens from all parts of the traditional political spectrum. Choosing sides in this spectrum would obstruct our shared struggle for privacy protection and free knowledge and culture.\n?                                                                                                                                                                                                                                                                                                                                                                                                                                                                                                                                                                                                                                                                                                                                                                                                                                                                                                                         ^^^^^^^^^^^^^^^^^^^ ^^   ^^^^^^^^^^^^^^^^^^^^^^^^  ^^^^^^^^^^^^^^^^^^^ ^^^^^^^^           +++++++++++++++++++++++++++++++++++++++++++++++++++++++++++++++++++++++++++++++++++++++++++++++++++++++++++++++++++++++++++++++++++++++++++++++++++++++++++++++++++++++++++++++++++++++++++++++++++++++++++++++++++++++++++++++++++++++++++++++++++++++++++++++++++++++++++++++++++++++++++++++++++++++++++++++++++++++++++++++++++++++++++++++++++++++++++++++++++++++++++++++++++++++++++++++++++++++++++++++++++++++++++++++++\n"
        }
    },
    {
        "pk": 3,
        "model": "document.diff",
        "fields": {
            "fulldocument": 1,
            "text_representation": "- Despite all superficial promises to protect our rights, the digital revolution of all areas of our lives poses unparalleled threats to human dignity and freedom. The speed at which this is happening exceeds the speed at which public opinion, laws and individuals are able to react. At the same time, the opportunities of shaping this process through the democratic framework of individual states are vanishing.<br /><br />The globalization of knowledge and human culture through digitalization and networking challenges all aspects of our traditional legal, economic and social systems. The wrong responses to this challenge make up just one of the reasons which promote the emergence of a complete totalitarian global police state. The fear of international terrorism makes security seem more important than freedom and mutes many of those who might otherwise defend freedom.<br /><br />Informational self-determination, free access to knowledge and culture, and privacy protection are the pillars of the information society of the future. Only on this basis can a democratic global order emerge that guarantees social justice and self-determination. First and foremost, the Pirate Party sees itself as part of a global political movement that wants to shape this order to the benefit of all.<br /><br />The Pirate Party wants to concentrate on the topics mentioned in the party platform, since we see this as the only way to assert these important demands in the future. At the same time, we believe that these issues should have the support of citizens from all parts of the traditional political spectrum. Choosing sides in this spectrum would obstruct our shared struggle for privacy protection and free knowledge and culture.\n?                                                                                                                                                                                                                                                                                                                                                                                                                                       ^^^^^^^^^^^^^^^^^^^^^^^^^^^^^^^^^^^^^^^^^^^^^^^^^^^^^^^^^^^^^^^^^^^^^^^^^^^^^^^^^^^^^^^^^^^^^^^^^^^^^^^^^^^^^^^^^^^^^^^^^^^^^^^^^^^^^^^^^^^^^^^^^^^^^^^^^^^^^ ^^^^^^^^^^^^^^^^^^^^^^^^^^^^^^^^^^^^^^^^^^^^^^^^^^^^^^^^^^^^^^^^^^^^^^^^^^^^^^^^^^^^^^^^^^^^^^^^^^^^^^^^^^^^^^^^^^^^^^^^^^^^^^^^^^^^^^^^^^^^^^^^^^^^^^^^^^^^^^^^^^^^^^^^^^^^^^^^^^^^^^^^^^^^^^^^^^^^^^^^^^^^^^^^^^^^^^^^^^^^^^^^^^^^^^^^^^^^^^^^^^^^^^^^^^^^^^^^^^^^^^^^^^^^^^^^^^^^^^^^^^^^^^^^^^^^^^^^\n+ Despite all superficial promises to protect our rights, the digital revolution of all areas of our lives poses unparalleled threats to human dignity and freedom. The speed at which this is happening exceeds the speed at which public opinion, laws and individuals are able to react. At the same time, the opportunities of shaping this process through the democratic framework of individual states are vanishing.<br /><br />More regulation for money transactions!<br /><br />Informational self-determination, free access to knowledge and culture, and privacy protection are the pillars of the information society of the future. Only on this basis can a democratic global order emerge that guarantees social justice and self-determination. First and foremost, the Pirate Party sees itself as part of a global political movement that wants to shape this order to the benefit of all.<br /><br />The Pirate Party wants to concentrate on the topics mentioned in the party platform, since we see this as the only way to assert these important demands in the future. At the same time, we believe that these issues should have the support of citizens from all parts of the traditional political spectrum. Choosing sides in this spectrum would obstruct our shared struggle for privacy protection and free knowledge and culture.\n?                                                                                                                                                                                                                                                                                                                                                                                                                                       ^^^^^^^^^^^^^^^^^^^^^^^^ ^^^^^^^^^^^^^^\n"
        }
    }
]